"Status","Start Time","Stop Time","Duration in ms","Parent Suite","Suite","Sub Suite","Test Class","Test Method","Name","Description"
"passed","Tue Oct 08 17:06:36 GMT 2024","Tue Oct 08 17:06:40 GMT 2024","3998","","Endpoint de listagem de entrevistas por mês","","br.com.dbccompany.vemser.tests.entrevista.ListarEntrevistaPorMesTest","testListarEntrevistasPorMesSemEstarAutenticado","Cenário 3: Deve retornar 403 quando lista trilha por mês sem estar autenticado",""
"passed","Tue Oct 08 17:05:05 GMT 2024","Tue Oct 08 17:05:09 GMT 2024","3939","","Endpoint para emissão de relatório de estados","","br.com.dbccompany.vemser.tests.relatorio.RelatorioEstadoTest","testValidarContratoListarRelatoriosPorEstado","Cenário 1: Validação de contrato de listar relatórios por estado",""
"passed","Tue Oct 08 17:09:07 GMT 2024","Tue Oct 08 17:09:19 GMT 2024","11236","","Endpoint de listar disponibilidades","","br.com.dbccompany.vemser.tests.disponibilidade.ListarDisponibilidadesTest","testListarDisponibilidadeComSucesso","Cenário 2: Validar listar disponibilidade com sucesso",""
"passed","Tue Oct 08 17:09:26 GMT 2024","Tue Oct 08 17:09:29 GMT 2024","2111","","Endpoint de listar usuário","","br.com.dbccompany.vemser.tests.usuario.ListarUsuarioTest","testDeveListarGestorPorId","Cenário 2: Deve listar gestor por id",""
"passed","Tue Oct 08 17:05:09 GMT 2024","Tue Oct 08 17:05:11 GMT 2024","2149","","Endpoint de cadastrar trilhas","","br.com.dbccompany.vemser.tests.trilha.CadastrarTrilhaTest","testValidarContratoCadastrarTrilha","Cenário 1: Validação de contrato de cadastrar trilha",""
"passed","Tue Oct 08 17:09:11 GMT 2024","Tue Oct 08 17:09:13 GMT 2024","2367","","Endpoint de deletar usuário","","br.com.dbccompany.vemser.tests.usuario.DeletarUsuarioTest","testTentarDeletarGestorComIdNegativo","Cenário 2: tentar deletar gestor com id negativo",""
"passed","Tue Oct 08 17:06:43 GMT 2024","Tue Oct 08 17:07:13 GMT 2024","29804","","Endpoint de remoção de avaliação","","br.com.dbccompany.vemser.tests.avaliacao.DeletarAvaliacaoTest","testTentarDeletarAvaliacaoSemAutenticacao","Cenário 2: Tentar deletar avaliação sem autenticação",""
"passed","Tue Oct 08 17:05:58 GMT 2024","Tue Oct 08 17:06:13 GMT 2024","14967","","Endpoint de remoção de edição","","br.com.dbccompany.vemser.tests.edicao.DeletarEdicaoTest","testDeletarEdicaoComSucesso","Cenário 1: Deve retornar 204 ao deletar edição com sucesso",""
"passed","Tue Oct 08 17:11:33 GMT 2024","Tue Oct 08 17:11:43 GMT 2024","10100","","Endpoint de cadastro de candidato","","br.com.dbccompany.vemser.tests.candidato.CadastrarCandidatoTest","testCadastrarCandidatoComMenosDeDezesseisAnos","Cenário 6: Deve retornar 400 quando tenta cadastrar candidato com menos de 16 anos",""
"passed","Tue Oct 08 17:04:32 GMT 2024","Tue Oct 08 17:04:35 GMT 2024","2629","","Endpoint de atualizar status usuário","","br.com.dbccompany.vemser.tests.usuario.AtualizarStatusUsuarioTest","testValidarSchemaDesativarGestor","Cenário 5: Validar schema desativar gestor",""
"passed","Tue Oct 08 17:08:59 GMT 2024","Tue Oct 08 17:09:06 GMT 2024","6571","","Endpoint de cadastrar disponibilidade","","br.com.dbccompany.vemser.tests.disponibilidade.CadastrarDisponibilidadeTest","testCriarDisponibilidadeComSucesso","Cenário 2: Validar criar disponibilidade com sucesso",""
"passed","Tue Oct 08 17:05:13 GMT 2024","Tue Oct 08 17:05:23 GMT 2024","10719","","Endpoint de cadastrar status candidato previus","","br.com.dbccompany.vemser.tests.status.CadastrarStatusCandidatoPreviusTest","testValidarContratoCadastrarStatusPrevius","Cenário 1: Validar contrato de criar status candidato previus",""
"passed","Tue Oct 08 17:04:09 GMT 2024","Tue Oct 08 17:05:24 GMT 2024","75154","","Endpoint de listagem de entrevistas por email","","br.com.dbccompany.vemser.tests.entrevista.ListarEntrevistaPorEmailTest","testValidarContratoListarEntrevistasPorEmail","Cenário 1: Validação de contrato de listar entrevistas por email",""
"passed","Tue Oct 08 17:09:23 GMT 2024","Tue Oct 08 17:09:26 GMT 2024","2304","","Endpoint de atualizar status usuário","","br.com.dbccompany.vemser.tests.usuario.AtualizarStatusUsuarioTest","testDeveAtualizarStatusDesativoGestorPorId","Cenário 1: Deve atualizar status para desativo do gestor por id",""
"passed","Tue Oct 08 17:09:13 GMT 2024","Tue Oct 08 17:09:13 GMT 2024","137","","Endpoint de deletar usuário","","br.com.dbccompany.vemser.tests.usuario.DeletarUsuarioTest","testTentarDeletarGestorSemToken","Cenário 3: tentar deletar gestor sem token",""
"failed","Tue Oct 08 17:06:09 GMT 2024","Tue Oct 08 17:06:25 GMT 2024","16172","","Endpoint de atualização de candidato","","br.com.dbccompany.vemser.tests.candidato.AtualizarCandidatoTest","testAtualizarCandidatoSemAutenticacao","Cenário 2: Deve retornar 403 ao atualizar candidato sem autenticação",""
"passed","Tue Oct 08 17:07:41 GMT 2024","Tue Oct 08 17:07:45 GMT 2024","3653","","Endpoint de atualizar observação de entrevista por ID","","br.com.dbccompany.vemser.tests.entrevista.AtualizarObservacaoEntrevistaPorIdTest","testAtualizarObservacaoEntrevistaPorID","Cenário 1: Deve retornar 204 ao atualizar entrevista por id",""
"passed","Tue Oct 08 17:10:45 GMT 2024","Tue Oct 08 17:10:47 GMT 2024","2090","","Endpoint de cadastro de formulário","","br.com.dbccompany.vemser.tests.formulario.CadastrarFormularioTest","testTentarCadastrarFormularioTrilhaInvalida","Cenário 4: Tentar cadastrar formulário em trilha inválida",""
"passed","Tue Oct 08 17:07:52 GMT 2024","Tue Oct 08 17:08:58 GMT 2024","66661","","Endpoint de remoção de entrevista por id","","br.com.dbccompany.vemser.tests.entrevista.DeletarEntrevistaPorIdTest","testDeletarEntrevistaPorIdSemAutenticacao","Cenário 1: Deve retornar 403 ao tentar deletar entrevista por id sem autenticação",""
"passed","Tue Oct 08 17:06:21 GMT 2024","Tue Oct 08 17:06:25 GMT 2024","4448","","Endpoint de listagem de entrevistas por trilha","","br.com.dbccompany.vemser.tests.entrevista.ListarEntrevistaPorTrilhaTest","testListarEntrevistasPorTrilhaNaoExistente","Cenário 3: Deve retornar 404 quando lista entrevistas de trilhas não existentes",""
"passed","Tue Oct 08 17:09:10 GMT 2024","Tue Oct 08 17:09:11 GMT 2024","1257","","Endpoint de deletar usuário","","br.com.dbccompany.vemser.tests.usuario.DeletarUsuarioTest","testTentarDeletarGestorComIdNulo","Cenário 1: tentar deletar gestor com id nulo",""
"failed","Tue Oct 08 17:05:09 GMT 2024","Tue Oct 08 17:05:09 GMT 2024","0","","Endpoint de cadastro de avaliação","","br.com.dbccompany.vemser.tests.avaliacao.CadastrarAvaliacaoTest","","Endpoint de cadastro de avaliação",""
"failed","Tue Oct 08 17:08:02 GMT 2024","Tue Oct 08 17:08:02 GMT 2024","0","","Endpoint de listagem de avaliação","","br.com.dbccompany.vemser.tests.avaliacao.ListarAvaliacaoTest","","Endpoint de listagem de avaliação",""
"passed","Tue Oct 08 17:12:08 GMT 2024","Tue Oct 08 17:12:17 GMT 2024","9399","","Endpoint de cadastro de candidato","","br.com.dbccompany.vemser.tests.candidato.CadastrarCandidatoTest","testCadastrarCandidatoComIdFormularioNulo","Cenário 35: Deve retornar 400 quando tenta cadastrar candidato com id formulário nulo",""
"passed","Tue Oct 08 17:12:30 GMT 2024","Tue Oct 08 17:12:40 GMT 2024","10041","","Endpoint de cadastro de candidato","","br.com.dbccompany.vemser.tests.candidato.CadastrarCandidatoTest","testCadastrarCandidatoComDataDeNascimentoNula","Cenário 7: Deve retornar 400 quando tenta cadastrar candidato com data de nascimento nula",""
"broken","Tue Oct 08 17:09:57 GMT 2024","Tue Oct 08 17:10:07 GMT 2024","10037","","Endpoint de cadastro de candidato","","br.com.dbccompany.vemser.tests.candidato.CadastrarCandidatoTest","testCadastrarCandidatoComEmailInvalido","Cenário 12: Deve retornar 400 quando tenta cadastrar candidato com e-mail inválido",""
"passed","Tue Oct 08 17:04:36 GMT 2024","Tue Oct 08 17:04:57 GMT 2024","21790","","Endpoint de cadastro de candidato","","br.com.dbccompany.vemser.tests.candidato.CadastrarCandidatoTest","testValidarContratoCadastrarCandidatos","Cenário 2: Deve validar o contrato de cadastro de candidatos no sistema",""
"passed","Tue Oct 08 17:11:56 GMT 2024","Tue Oct 08 17:12:04 GMT 2024","8517","","Endpoint de cadastro de candidato","","br.com.dbccompany.vemser.tests.candidato.CadastrarCandidatoTest","testCadastrarCandidatoComTelefoneNulo","Cenário 15: Deve retornar 400 quando tenta cadastrar candidato com telefone nulo",""
"passed","Tue Oct 08 17:10:24 GMT 2024","Tue Oct 08 17:10:27 GMT 2024","3466","","Endpoint para emissão de relatório de estados","","br.com.dbccompany.vemser.tests.relatorio.RelatorioEstadoTest","testListarRelatorioEstadoComSucessoSemAutenticacao","Cenário 3: Deve retornar 403 ao listar relatório de candidatos por estado sem autenticação",""
"passed","Tue Oct 08 17:09:33 GMT 2024","Tue Oct 08 17:09:46 GMT 2024","12182","","Endpoint de busca de candidato por Email","","br.com.dbccompany.vemser.tests.candidato.BuscarCandidatoPorEmailTest","testBuscarCandidatoPorEmailVazio","Cenário 5: Deve retornar 400 quando busca candidato com email vazio",""
"passed","Tue Oct 08 17:12:42 GMT 2024","Tue Oct 08 17:12:53 GMT 2024","11172","","Endpoint de cadastro de candidato","","br.com.dbccompany.vemser.tests.candidato.CadastrarCandidatoTest","testCadastrarCandidatoSemNome","Cenário 3: Deve retornar 400 quando tenta cadastrar candidato com nome nulo",""
"passed","Tue Oct 08 17:11:57 GMT 2024","Tue Oct 08 17:12:03 GMT 2024","6498","","Endpoint de listagem de formulários","","br.com.dbccompany.vemser.tests.formulario.ListarFormulariosTest","testListarFormulariosComSucesso","Cenário 2: Validar listar formulários ordenados com sucesso",""
"passed","Tue Oct 08 17:09:46 GMT 2024","Tue Oct 08 17:10:02 GMT 2024","16490","","Endpoint de busca de candidato por Email","","br.com.dbccompany.vemser.tests.candidato.BuscarCandidatoPorEmailTest","testBuscarCandidatoPorEmailComSucesso","Cenário 1: Deve retornar 200 quando busca candidato por email com sucesso",""
"passed","Tue Oct 08 17:05:56 GMT 2024","Tue Oct 08 17:06:11 GMT 2024","14348","","Endpoint de deletar disponibilidade","","br.com.dbccompany.vemser.tests.disponibilidade.DeletarDisponibilidadeTest","testDeveDeletarDisponibilidadeComSucesso","Cenário 1: Deve deletar disponibilidade com sucesso",""
"passed","Tue Oct 08 17:12:17 GMT 2024","Tue Oct 08 17:12:28 GMT 2024","11051","","Endpoint de cadastro de candidato","","br.com.dbccompany.vemser.tests.candidato.CadastrarCandidatoTest","testCadastrarCandidatoComCpfInvalido","Cenário 22: Deve retornar 400 quando tenta cadastrar candidato com cpf inválido",""
"passed","Tue Oct 08 17:10:27 GMT 2024","Tue Oct 08 17:10:32 GMT 2024","4645","","Endpoint para emissão de relatório de estados","","br.com.dbccompany.vemser.tests.relatorio.RelatorioEstadoTest","testListarRelatorioEstadoComSucesso","Cenário 2: Deve retornar 200 ao listar com sucesso relatório de candidatos por estado",""
"passed","Tue Oct 08 17:06:00 GMT 2024","Tue Oct 08 17:06:05 GMT 2024","5941","","Endpoint de atualização de nota de corte","","br.com.dbccompany.vemser.tests.edicao.AtualizarNotaDeCorteTest","testAtualizarNotaDeCorteSemAutenticacao","Cenário 3: Deve retornar 200 ao atualizar nota de corte com sucesso",""
"passed","Tue Oct 08 17:10:32 GMT 2024","Tue Oct 08 17:11:00 GMT 2024","27367","","Endpoint de listagem de inscrição por id","","br.com.dbccompany.vemser.tests.inscricao.ListarInscricaoPorIdTest","testListarInscricaoPorIdComSucesso","Cenário 1: Deve retornar 200 quando lista inscrição por id com sucesso",""
"passed","Tue Oct 08 17:08:53 GMT 2024","Tue Oct 08 17:08:56 GMT 2024","2748","","Endpoint de cadastrar disponibilidade","","br.com.dbccompany.vemser.tests.disponibilidade.CadastrarDisponibilidadeTest","testTentarCriarDisponibilidadeParaHorariosInvalidos","Cenário 7: Tentar criar disponibilidade para horarios invalidos",""
"failed","Tue Oct 08 17:12:52 GMT 2024","Tue Oct 08 17:13:04 GMT 2024","12091","","Endpoint de cadastro de candidato","","br.com.dbccompany.vemser.tests.candidato.CadastrarCandidatoTest","testCadastrarCandidatoComSucesso","Cenário 1: Deve retornar 200 e cadastrar candidato com sucesso",""
"passed","Tue Oct 08 17:06:49 GMT 2024","Tue Oct 08 17:06:53 GMT 2024","4774","","Endpoint de remoção de avaliação","","br.com.dbccompany.vemser.tests.avaliacao.DeletarAvaliacaoTest","testTentarDeletarAvaliacaoIdAvaliacaoNegativo","Cenário 3: Tentar deletar avaliação com id de avaliação negativo",""
"passed","Tue Oct 08 17:04:01 GMT 2024","Tue Oct 08 17:04:21 GMT 2024","20036","","Endpoint de listar entrevistas do gestor","","br.com.dbccompany.vemser.tests.entrevista.ListarEntrevistasGestorTest","testValidarContratoListarEntrevistasGestor","Cenário 1: Validação de contrato de listar entrevistas do gestor",""
"passed","Tue Oct 08 17:11:57 GMT 2024","Tue Oct 08 17:11:57 GMT 2024","144","","Endpoint de listagem de formulários","","br.com.dbccompany.vemser.tests.formulario.ListarFormulariosTest","testTentarListarFormulariosSemAutenticacao","Cenário 3: Tentar listar formulários sem autenticação",""
"failed","Tue Oct 08 17:06:03 GMT 2024","Tue Oct 08 17:06:20 GMT 2024","16972","","Endpoint de delete fisico de candidato","","br.com.dbccompany.vemser.tests.candidato.DeleteFisiscoCandidatoTest","testDeleteFisicoDeCandidatoComSucesso","Cenário 1: Deve retornar 204 ao deletar candidato com sucesso",""
"passed","Tue Oct 08 17:11:16 GMT 2024","Tue Oct 08 17:11:33 GMT 2024","17467","","Endpoint de cadastro de candidato","","br.com.dbccompany.vemser.tests.candidato.CadastrarCandidatoTest","testCadastrarCandidatoComRgMaiorQueTrintaCaracteres","Cenário 19: Deve retornar 400 quando tenta cadastrar candidato com rg com mais de 13 caracteres",""
"passed","Tue Oct 08 17:12:04 GMT 2024","Tue Oct 08 17:12:14 GMT 2024","10091","","Endpoint de cadastro de candidato","","br.com.dbccompany.vemser.tests.candidato.CadastrarCandidatoTest","testCadastrarCandidatoComCidadeEmBranco","Cenário 27: Deve retornar 400 quando tenta cadastrar candidato com cidade em branco",""
"passed","Tue Oct 08 17:05:56 GMT 2024","Tue Oct 08 17:06:03 GMT 2024","7099","","Endpoint de listar usuário","","br.com.dbccompany.vemser.tests.usuario.ListarUsuarioTest","testDeveListarDadosUsuarioLogado","Cenário 4: Deve listar os dados do usuário logado",""
"passed","Tue Oct 08 17:09:44 GMT 2024","Tue Oct 08 17:09:44 GMT 2024","157","","Endpoint de filtro de inscrição","","br.com.dbccompany.vemser.tests.inscricao.FiltroInscricaoTest","testTentarFiltrarInscricaoSemToken","Cenário 2: Tentar filtrar inscrição sem token",""
"passed","Tue Oct 08 17:09:06 GMT 2024","Tue Oct 08 17:09:08 GMT 2024","2663","","Endpoint de cadastrar disponibilidade","","br.com.dbccompany.vemser.tests.disponibilidade.CadastrarDisponibilidadeTest","testTentarCriarDisponibilidadeParaDataNoPassado","Cenário 4: Tentar criar disponibilidade para data no passado",""
"passed","Tue Oct 08 17:06:11 GMT 2024","Tue Oct 08 17:06:17 GMT 2024","5482","","Endpoint que lista a última edição","","br.com.dbccompany.vemser.tests.edicao.ListarUltimaEdicaoTest","testListarUltimaEdicaoComSucesso","Cenário 1: Deve retornar 200 ao listar a última edição com sucesso",""
"failed","Tue Oct 08 17:12:03 GMT 2024","Tue Oct 08 17:12:16 GMT 2024","12959","","Endpoint de cadastrar status candidato next","","br.com.dbccompany.vemser.tests.status.CadastrarStatusCandidatoNextTest","testAvancarEtapaProvaTecnica","Cenário 5: Validar avanço de etapa do candidato para prova técnica",""
"passed","Tue Oct 08 17:09:17 GMT 2024","Tue Oct 08 17:09:19 GMT 2024","1674","","Endpoint de listar usuário","","br.com.dbccompany.vemser.tests.usuario.ListarUsuarioTest","testTentarListarGestorComIdNulo","Cenrário 5: Tentar listar gestor com id nulo",""
"passed","Tue Oct 08 17:11:55 GMT 2024","Tue Oct 08 17:12:03 GMT 2024","8259","","Endpoint de cadastrar status candidato next","","br.com.dbccompany.vemser.tests.status.CadastrarStatusCandidatoNextTest","testCadastrarStatusNextComSucesso","Cenário 2: Validar criação de status candidato next com sucesso",""
"passed","Tue Oct 08 17:11:25 GMT 2024","Tue Oct 08 17:11:36 GMT 2024","11206","","Endpoint de cadastrar status candidato previus","","br.com.dbccompany.vemser.tests.status.CadastrarStatusCandidatoPreviusTest","testCadastrarStatusPreviusComSucesso","Cenário 2: Validar criação de status candidato previus com sucesso",""
"passed","Tue Oct 08 17:11:00 GMT 2024","Tue Oct 08 17:11:25 GMT 2024","25461","","Endpoint de atualização de currículo do candidato","","br.com.dbccompany.vemser.tests.formulario.AtualizarCurriculoFormularioTest","testEnviarCurriculoComSucesso","Cenário 1: Deve retornar 200 ao enviar currículo com sucesso",""
"passed","Tue Oct 08 17:08:48 GMT 2024","Tue Oct 08 17:08:53 GMT 2024","5074","","Endpoint de cadastrar trilhas","","br.com.dbccompany.vemser.tests.trilha.CadastrarTrilhaTest","testCadastroDeTrilhaComSucesso","Cenário 2: Deve retornar 201 quando cadastra trilha com sucesso",""
"failed","Tue Oct 08 17:06:20 GMT 2024","Tue Oct 08 17:06:43 GMT 2024","22436","","Endpoint de listagem de inscrições","","br.com.dbccompany.vemser.tests.inscricao.ListarInscricaoTest","testListarInscricoesComSucesso","Cenário 1: Deve retornar 200 quando lista inscrições com sucesso",""
"passed","Tue Oct 08 17:08:36 GMT 2024","Tue Oct 08 17:08:36 GMT 2024","154","","Endpoint de cadastro de avaliação","","br.com.dbccompany.vemser.tests.avaliacao.CadastrarAvaliacaoTest","testTentarCadastrarAvaliacaoSemAutenticacao","Cenário 2: Tentar cadastrar avaliação sem autenticação",""
"passed","Tue Oct 08 17:09:20 GMT 2024","Tue Oct 08 17:09:22 GMT 2024","2108","","Endpoint de listar usuário","","br.com.dbccompany.vemser.tests.usuario.ListarUsuarioTest","testTentarListarGestorComIdNegativo","Cenário 6: Tentar listar gestor com id negativo",""
"passed","Tue Oct 08 17:12:39 GMT 2024","Tue Oct 08 17:12:50 GMT 2024","10808","","Endpoint de cadastro de candidato","","br.com.dbccompany.vemser.tests.candidato.CadastrarCandidatoTest","testCadastrarCandidatoComNomeEmBranco","Cenário 4: Deve retornar 400 quando tenta cadastrar candidato com nome em branco",""
"passed","Tue Oct 08 17:11:47 GMT 2024","Tue Oct 08 17:11:57 GMT 2024","9833","","Endpoint de listagem de formulários","","br.com.dbccompany.vemser.tests.formulario.ListarFormulariosTest","testTentarBuscarCurriculoSemDocumentoCadastrado","Cenário 9: Buscar curriculo sem possuir documento cadastrado",""
"passed","Tue Oct 08 17:09:26 GMT 2024","Tue Oct 08 17:09:26 GMT 2024","127","","Endpoint de listar usuário","","br.com.dbccompany.vemser.tests.usuario.ListarUsuarioTest","testTentarListarTodoGestorComTokenInvalido","Cenário 7: Tentar listar todo gestor com token inválido",""
"passed","Tue Oct 08 17:11:37 GMT 2024","Tue Oct 08 17:11:49 GMT 2024","12664","","Endpoint de listagem de formulários","","br.com.dbccompany.vemser.tests.formulario.ListarFormulariosTest","testTentarBuscarComprovacaoMatriculaComSucessp","Cenário 4: Buscar Comprovação de matricula com sucesso",""
"passed","Tue Oct 08 17:04:00 GMT 2024","Tue Oct 08 17:04:09 GMT 2024","8819","","Endpoint que lista todas as edições","","br.com.dbccompany.vemser.tests.edicao.ListarTodasEdicoesTest","testValidarContratoListarTodasEdicoes","Cenário 1: Deve validar o contrato de listar todas as edições",""
"passed","Tue Oct 08 17:04:00 GMT 2024","Tue Oct 08 17:04:10 GMT 2024","10053","","Endpoint de cadastro de edição","","br.com.dbccompany.vemser.tests.edicao.CadastrarEdicaoTest","testValidarContratoCadastrarEdicao","Cenário 1: Deve validar o contrato de cadastrar edição",""
"passed","Tue Oct 08 17:10:18 GMT 2024","Tue Oct 08 17:10:21 GMT 2024","3821","","Endpoint para emissão de relatório de neurodiversidade","","br.com.dbccompany.vemser.tests.relatorio.RelatorioNeurodiversidadeTest","testListarRelatorioNeurodiversidadeComSucesso","Cenário 2: Deve retornar 200 ao retornar relatório com quantidade de candidatos com neurodiversidade com sucesso",""
"passed","Tue Oct 08 17:07:19 GMT 2024","Tue Oct 08 17:07:19 GMT 2024","149","","Endpoint de atualização de avaliação","","br.com.dbccompany.vemser.tests.avaliacao.AtualizarAvaliacaoTest","testTentarAtualizarAvaliacaoSemAutenticacao","Cenário 2: Tentar atualizar avaliação sem autenticação",""
"failed","Tue Oct 08 17:06:40 GMT 2024","Tue Oct 08 17:07:07 GMT 2024","27282","","Endpoint de cadastro de candidato","","br.com.dbccompany.vemser.tests.candidato.CadastrarCandidatoTest","testCadastrarCandidatoComCpfJaCadastrado","Cenário 23: Deve retornar 400 quando tenta cadastrar candidato com cpf já cadastrado",""
"passed","Tue Oct 08 17:04:53 GMT 2024","Tue Oct 08 17:05:22 GMT 2024","28752","","Endpoint de listagem de candidatos","","br.com.dbccompany.vemser.tests.candidato.ListarCandidatosTest","testValidarContratoListarCandidatos","Cenário 2: Deve validar o contrato de listagem de candidatos no sistema",""
"passed","Tue Oct 08 17:09:19 GMT 2024","Tue Oct 08 17:09:19 GMT 2024","141","","Endpoint de listar usuário","","br.com.dbccompany.vemser.tests.usuario.ListarUsuarioTest","testTentarListarGestorPorIdComTokenInvalido","Cenário 8: Tentar listar gestor por id com token inválido",""
"passed","Tue Oct 08 17:06:40 GMT 2024","Tue Oct 08 17:06:44 GMT 2024","4171","","Endpoint de listagem de entrevistas por mês","","br.com.dbccompany.vemser.tests.entrevista.ListarEntrevistaPorMesTest","testListarEntrevistasPorMesComSucesso","Cenário 2: Deve retornar 200 quando lista trilha por mês com sucesso",""
"passed","Tue Oct 08 17:05:23 GMT 2024","Tue Oct 08 17:05:33 GMT 2024","9702","","Endpoint de cadastrar status candidato next","","br.com.dbccompany.vemser.tests.status.CadastrarStatusCandidatoNextTest","testValidarContratoCadastrarStatusNext","Cenário 1: Validar contrato de criar status candidato next",""
"passed","Tue Oct 08 17:06:31 GMT 2024","Tue Oct 08 17:06:36 GMT 2024","4986","","Endpoint de listagem de entrevistas por trilha","","br.com.dbccompany.vemser.tests.entrevista.ListarEntrevistaPorTrilhaTest","testListarEntrevistasPorTrilhaSemAutenticacao","Cenário 4: Deve retornar 403 quando lista entrevistas de trilhas sem autenticação",""
"passed","Tue Oct 08 17:07:59 GMT 2024","Tue Oct 08 17:08:03 GMT 2024","4627","","Endpoint de listagem de entrevistas","","br.com.dbccompany.vemser.tests.entrevista.ListarEntrevistaTest","testListarEntrevistasSemAutenticacao","Cenário 3: Deve retornar 403 quando lista as entrevistas sem estar autenticado",""
"passed","Tue Oct 08 17:10:09 GMT 2024","Tue Oct 08 17:10:32 GMT 2024","23577","","Endpoint de cadastro de inscrição","","br.com.dbccompany.vemser.tests.inscricao.CadastrarInscricaoTest","testCadastrarInscricaoComSucesso","Cenário 1: Deve retornar 201 ao cadastrar inscrição com sucesso",""
"passed","Tue Oct 08 17:09:19 GMT 2024","Tue Oct 08 17:09:19 GMT 2024","149","","Endpoint de listar usuário","","br.com.dbccompany.vemser.tests.usuario.ListarUsuarioTest","testTentarListarDadosUsuarioLogadoSemToken","Cenário 13: Tentar listar os dados do usuário logado sem token",""
"passed","Tue Oct 08 17:09:02 GMT 2024","Tue Oct 08 17:09:07 GMT 2024","5036","","Endpoint de listar disponibilidades","","br.com.dbccompany.vemser.tests.disponibilidade.ListarDisponibilidadesTest","testTentarListarTodaDispoonibilidadePorDataSemToken","Cenário 5: Tentar listar toda disponibilidade por data sem token",""
"passed","Tue Oct 08 17:11:10 GMT 2024","Tue Oct 08 17:11:14 GMT 2024","3827","","Endpoint de cadastrar status candidato next","","br.com.dbccompany.vemser.tests.status.CadastrarStatusCandidatoNextTest","testAvancarEtapaCandidatoInexistente","Cenário 6: Validar avanço de etapa do candidato para prova técnica com id inexistente",""
"passed","Tue Oct 08 17:11:36 GMT 2024","Tue Oct 08 17:11:43 GMT 2024","7062","","Endpoint de cadastrar status candidato previus","","br.com.dbccompany.vemser.tests.status.CadastrarStatusCandidatoPreviusTest","testCadastrarStatusPreviusSemAutenticacao","Cenário 3: Validar criação de status candidato previus sem estar autenticado",""
"passed","Tue Oct 08 17:12:16 GMT 2024","Tue Oct 08 17:12:20 GMT 2024","4043","","Endpoint de cadastrar status candidato previus","","br.com.dbccompany.vemser.tests.status.CadastrarStatusCandidatoPreviusTest","testRetrocederEtapaCandidatoInexistente","Cenário 5: Validar retroceder etapa do candidato para prova técnica com id inexistente",""
"passed","Tue Oct 08 17:06:23 GMT 2024","Tue Oct 08 17:06:28 GMT 2024","4543","","Endpoint de cadastro de edição","","br.com.dbccompany.vemser.tests.edicao.CadastrarEdicaoTest","testCadastrarEdicaoSemAutenticacao","Cenário 3: Deve retornar 403 ao cadastrar edição sem autenticação",""
"passed","Tue Oct 08 17:09:13 GMT 2024","Tue Oct 08 17:09:17 GMT 2024","4028","","Endpoint de listar usuário","","br.com.dbccompany.vemser.tests.usuario.ListarUsuarioTest","testDeveListarTodaContaInativa","Cenário 3: Deve listar todas as contas inativas",""
"passed","Tue Oct 08 17:10:44 GMT 2024","Tue Oct 08 17:10:45 GMT 2024","1242","","Endpoint de cadastro de formulário","","br.com.dbccompany.vemser.tests.formulario.CadastrarFormularioTest","testTentarCadastrarFormularioRespostaVazia","Cenário 6: Tentar cadastrar formulário com campo resposta vazio",""
"passed","Tue Oct 08 17:08:53 GMT 2024","Tue Oct 08 17:08:58 GMT 2024","4942","","Endpoint de deletar trilhas","","br.com.dbccompany.vemser.tests.trilha.DeletarTrilhaTest","testDeletarTrilhaComSucesso","Cenário 1: Deve retornar 204 quando deleta trilha com sucesso",""
"passed","Tue Oct 08 17:12:53 GMT 2024","Tue Oct 08 17:13:03 GMT 2024","10098","","Endpoint de cadastro de candidato","","br.com.dbccompany.vemser.tests.candidato.CadastrarCandidatoTest","testCadastrarCandidatoComRgEmBranco","Cenário 18: Deve retornar 400 quando tenta cadastrar candidato com rg em branco",""
"passed","Tue Oct 08 17:05:11 GMT 2024","Tue Oct 08 17:05:13 GMT 2024","1492","","Endpoint de listar trilhas","","br.com.dbccompany.vemser.tests.trilha.ListarTrilhaTest","testValidarContratoListarTrilhas","Cenário 1: Validação de contrato de listar trilhas",""
"passed","Tue Oct 08 17:10:20 GMT 2024","Tue Oct 08 17:10:24 GMT 2024","3836","","Endpoint para emissão de relatório de edições","","br.com.dbccompany.vemser.tests.relatorio.RelatorioEdicaoTest","testListarRelatorioEdicaoComSucesso","Cenário 2: Deve retornar 200 ao listar com sucesso relatório de candidato por edição",""
"passed","Tue Oct 08 17:05:56 GMT 2024","Tue Oct 08 17:06:10 GMT 2024","13872","","Endpoint de listar disponibilidades","","br.com.dbccompany.vemser.tests.disponibilidade.ListarDisponibilidadesTest","testDeveListarTodaDisponibilidadePorDataComSucesso","Cenário 3: Deve listar toda disponibilidade por data com sucesso",""
"passed","Tue Oct 08 17:10:35 GMT 2024","Tue Oct 08 17:10:37 GMT 2024","1682","","Endpoint de cadastro de formulário","","br.com.dbccompany.vemser.tests.formulario.CadastrarFormularioTest","testTentarCadastrarFormularioNaoMatriculado","Cenário 3: Tentar cadastrar formulário sem estar matriculado em um curso",""
"passed","Tue Oct 08 17:05:58 GMT 2024","Tue Oct 08 17:06:09 GMT 2024","10562","","Endpoint que lista todas as edições","","br.com.dbccompany.vemser.tests.edicao.ListarTodasEdicoesTest","testListarTodasEdicoesComSucesso","Cenário 2: Deve retornar 200 ao listar todas as edições com sucesso",""
"passed","Tue Oct 08 17:07:45 GMT 2024","Tue Oct 08 17:09:58 GMT 2024","132943","","Endpoint de atualização de entrevista","","br.com.dbccompany.vemser.tests.entrevista.AtualizarEntrevistaTest","testAtualizarEntrevistaSemAutenticacao","Cenário 1: Deve retornar 403 ao atualizar entrevista sem estar autenticado",""
"passed","Tue Oct 08 17:06:18 GMT 2024","Tue Oct 08 17:06:19 GMT 2024","789","","Endpoint de listar entrevistas do gestor","","br.com.dbccompany.vemser.tests.entrevista.ListarEntrevistasGestorTest","testListarEntrevistasGestorComTokenInvalido","Cenário 3: Deve retornar 403 quando tentar listar com token inválido",""
"passed","Tue Oct 08 17:12:14 GMT 2024","Tue Oct 08 17:12:42 GMT 2024","28016","","Endpoint de cadastro de candidato","","br.com.dbccompany.vemser.tests.candidato.CadastrarCandidatoTest","testCadastrarCandidatoComIdFormularioNaoCadastrado","Cenário 36: Deve retornar 404 quando tenta cadastrar candidato com id formulário não cadastrado",""
"passed","Tue Oct 08 17:04:26 GMT 2024","Tue Oct 08 17:04:30 GMT 2024","4291","","Endpoint de listar usuário","","br.com.dbccompany.vemser.tests.usuario.ListarUsuarioTest","testValidarSchemaListarTodoGestor","Cenário 10: Validar schema listar todo gestor",""
"passed","Tue Oct 08 17:09:47 GMT 2024","Tue Oct 08 17:10:02 GMT 2024","14944","","Endpoint de delete de candidato","","br.com.dbccompany.vemser.tests.candidato.DeletarCandidatoTest","testDeletarCandidatoComIDInvalido","Cenário 3: Deve retornar 400 ao deletar candidato com id invalido",""
"passed","Tue Oct 08 17:05:58 GMT 2024","Tue Oct 08 17:06:05 GMT 2024","7450","","Endpoint de atualização de nota de corte","","br.com.dbccompany.vemser.tests.edicao.AtualizarNotaDeCorteTest","testAtualizarNotaDeCorteComSucesso","Cenário 2: Deve retornar 200 ao atualizar nota de corte com sucesso",""
"passed","Tue Oct 08 17:10:50 GMT 2024","Tue Oct 08 17:11:00 GMT 2024","9385","","Endpoint de atualização de currículo do candidato","","br.com.dbccompany.vemser.tests.formulario.AtualizarCurriculoFormularioTest","testEnviarCurriculoParaFormularioNaoExistente","Cenário 2: Deve retornar 404 ao enviar currículo para formulário não existente",""
"passed","Tue Oct 08 17:10:50 GMT 2024","Tue Oct 08 17:11:00 GMT 2024","10423","","Endpoint de cadastro de candidato","","br.com.dbccompany.vemser.tests.candidato.CadastrarCandidatoTest","testCadastrarCandidatoComEmailNulo","Cenário 10: Deve retornar 400 quando tenta cadastrar candidato com e-mail nulo",""
"passed","Tue Oct 08 17:10:17 GMT 2024","Tue Oct 08 17:10:28 GMT 2024","10654","","Endpoint de cadastro de candidato","","br.com.dbccompany.vemser.tests.candidato.CadastrarCandidatoTest","testCadastrarCandidatoComDataNascimentoNoFuturo","Cenário 5: Deve retornar 400 quando tenta cadastrar candidato com data de nascimento no futuro",""
"passed","Tue Oct 08 17:10:28 GMT 2024","Tue Oct 08 17:10:33 GMT 2024","4817","","Endpoint para emissão de relatório de gênero","","br.com.dbccompany.vemser.tests.relatorio.RelatorioGeneroTest","testListarRelatorioGeneroComSucesso","Cenário 2: Deve retonar 200 ao listar com sucesso relatório de candidatos por gênero",""
"passed","Tue Oct 08 17:10:42 GMT 2024","Tue Oct 08 17:10:44 GMT 2024","1594","","Endpoint de cadastro de formulário","","br.com.dbccompany.vemser.tests.formulario.CadastrarFormularioTest","testTentarCadastrarFormularioInstituicaoNula","Cenário 5: Tentar cadastrar formulário com campo instituição nulo",""
"passed","Tue Oct 08 17:08:58 GMT 2024","Tue Oct 08 17:09:02 GMT 2024","3988","","Endpoint de listar disponibilidades","","br.com.dbccompany.vemser.tests.disponibilidade.ListarDisponibilidadesTest","testListarDisponibilidadeSemAutenticacao","Cenário 4: Tentar listar disponibilidade sem estar autenticado",""
"passed","Tue Oct 08 17:10:49 GMT 2024","Tue Oct 08 17:11:00 GMT 2024","11300","","Endpoint de atualização de configuração do PC do candidato","","br.com.dbccompany.vemser.tests.formulario.AtualizarConfigPcFormularioTest","testEnviarInfoConfigPcComSucesso","Cenário 1: Deve retornar 200 ao adicionar imagem com configuração do pc com sucesso",""
"passed","Tue Oct 08 17:12:50 GMT 2024","Tue Oct 08 17:13:01 GMT 2024","11393","","Endpoint de cadastro de candidato","","br.com.dbccompany.vemser.tests.candidato.CadastrarCandidatoTest","testCadastrarCandidatoComEmailSemDominio","Cenário 11: Deve retornar 400 quando tenta cadastrar candidato com e-mail sem domínio",""
"passed","Tue Oct 08 17:10:38 GMT 2024","Tue Oct 08 17:10:50 GMT 2024","11235","","Endpoint de cadastro de candidato","","br.com.dbccompany.vemser.tests.candidato.CadastrarCandidatoTest","testCadastrarCandidatoComCidadeNula","Cenário 26: Deve retornar 400 quando tenta cadastrar candidato com cidade nula",""
"passed","Tue Oct 08 17:06:17 GMT 2024","Tue Oct 08 17:06:18 GMT 2024","1490","","Endpoint que lista a última edição","","br.com.dbccompany.vemser.tests.edicao.ListarUltimaEdicaoTest","testListarUltimaEdicaoSemAutenticacao","Cenário 2: Deve retornar 403 ao listar a última edição sem autenticação",""
"passed","Tue Oct 08 17:09:17 GMT 2024","Tue Oct 08 17:09:19 GMT 2024","2210","","Endpoint de cadastrar disponibilidade","","br.com.dbccompany.vemser.tests.disponibilidade.CadastrarDisponibilidadeTest","testTentarCriarDisponibilidadeParaDataInvalida","Cenário 6: Tentar criar disponibilidade para data invalida",""
"passed","Tue Oct 08 17:10:37 GMT 2024","Tue Oct 08 17:10:42 GMT 2024","5560","","Endpoint de cadastro de formulário","","br.com.dbccompany.vemser.tests.formulario.CadastrarFormularioTest","testCadastrarFormularioComSucesso","Cenário 2: Cadastrar formulário com sucesso",""
"passed","Tue Oct 08 17:10:56 GMT 2024","Tue Oct 08 17:11:06 GMT 2024","10660","","Endpoint de atualização do formulário","","br.com.dbccompany.vemser.tests.formulario.AtualizarFormularioTest","testUploadComprovanteMatriculaComSucesso","Deve retornar 200 ao realizar upload de comprovante de matrícula com sucesso",""
"passed","Tue Oct 08 17:10:50 GMT 2024","Tue Oct 08 17:10:56 GMT 2024","6017","","Endpoint de atualização do formulário","","br.com.dbccompany.vemser.tests.formulario.AtualizarFormularioTest","testAtualizarFormularioComSucesso","Deve retornar 200 ao atualizar formulário com sucesso",""
"passed","Tue Oct 08 17:08:03 GMT 2024","Tue Oct 08 17:09:10 GMT 2024","66104","","Endpoint de remoção de entrevista por email","","br.com.dbccompany.vemser.tests.entrevista.DeletarEntrevistaPorEmailTest","testDeletarEntrevistaPorEmailSemAutenticacao","Cenário 1: Deve retornar 403 ao tentar deletar entrevista por email sem autenticação",""
"passed","Tue Oct 08 17:11:00 GMT 2024","Tue Oct 08 17:11:16 GMT 2024","15722","","Endpoint de cadastro de candidato","","br.com.dbccompany.vemser.tests.candidato.CadastrarCandidatoTest","testCadastrarCandidatoComDataDeNascimentoEmBranco","Cenário 8: Deve retornar 400 quando tenta cadastrar candidato com data de nascimento em branco",""
"passed","Tue Oct 08 17:07:42 GMT 2024","Tue Oct 08 17:08:53 GMT 2024","71323","","Endpoint de listagem de entrevistas por email","","br.com.dbccompany.vemser.tests.entrevista.ListarEntrevistaPorEmailTest","testListaEntrevistaPorEmailComSucesso","Cenário 2: Deve retornar 200 ao buscar entrevista por email do candidato com sucesso",""
"passed","Tue Oct 08 17:06:13 GMT 2024","Tue Oct 08 17:06:23 GMT 2024","10348","","Endpoint de cadastro de edição","","br.com.dbccompany.vemser.tests.edicao.CadastrarEdicaoTest","testCadastrarEdicaoComSucesso","Cenário 2: Deve retornar 201 ao cadastrar edição com sucesso",""
"passed","Tue Oct 08 17:12:20 GMT 2024","Tue Oct 08 17:12:30 GMT 2024","9881","","Endpoint de cadastro de candidato","","br.com.dbccompany.vemser.tests.candidato.CadastrarCandidatoTest","testCadastrarCandidatoComEstadoNulo","Cenário 24: Deve retornar 400 quando tenta cadastrar candidato com estado nulo",""
"passed","Tue Oct 08 17:10:02 GMT 2024","Tue Oct 08 17:10:16 GMT 2024","14202","","Endpoint de busca de candidato por Email","","br.com.dbccompany.vemser.tests.candidato.BuscarCandidatoPorEmailTest","testBuscarCandidatoPorEmailSemAutenticacao","Cenário 3: Deve retornar 403 quando busca candidato por email sem autenticação",""
"passed","Tue Oct 08 17:09:58 GMT 2024","Tue Oct 08 17:10:00 GMT 2024","2317","","Endpoint de listagem de candidatos","","br.com.dbccompany.vemser.tests.candidato.ListarCandidatosTest","testListarCandidatosComTamanhoInvalido","Cenário 4: Deve retornar 400 quando é passado quantidade negativa de candidatos",""
"passed","Tue Oct 08 17:12:49 GMT 2024","Tue Oct 08 17:13:03 GMT 2024","13663","","Endpoint de cadastro de candidato","","br.com.dbccompany.vemser.tests.candidato.CadastrarCandidatoTest","testCadastrarCandidatoComEdicaoNaoExistente","Cenário 34: Deve retornar 400 quando tenta cadastrar candidato com edicão não existente",""
"passed","Tue Oct 08 17:11:43 GMT 2024","Tue Oct 08 17:11:56 GMT 2024","12242","","Endpoint de cadastro de candidato","","br.com.dbccompany.vemser.tests.candidato.CadastrarCandidatoTest","testCadastrarCandidatoComEmailEmBranco","Cenário 14: Deve retornar 400 quando tenta cadastrar candidato com e-mail em branco",""
"passed","Tue Oct 08 17:12:27 GMT 2024","Tue Oct 08 17:12:38 GMT 2024","10620","","Endpoint de cadastro de candidato","","br.com.dbccompany.vemser.tests.candidato.CadastrarCandidatoTest","testCadastrarCandidatoComRgNulo","Cenário 17: Deve retornar 400 quando tenta cadastrar candidato com rg nulo",""
"passed","Tue Oct 08 17:12:40 GMT 2024","Tue Oct 08 17:12:51 GMT 2024","11377","","Endpoint de cadastro de candidato","","br.com.dbccompany.vemser.tests.candidato.CadastrarCandidatoTest","testCadastrarCandidatoComEdicaoNula","Cenário 33: Deve retornar 400 quando tenta cadastrar candidato com edicão nula",""
"passed","Tue Oct 08 17:09:22 GMT 2024","Tue Oct 08 17:09:26 GMT 2024","4675","","Endpoint de listar usuário","","br.com.dbccompany.vemser.tests.usuario.ListarUsuarioTest","testDeveListarTodosGestores","Cenário 1: Deve listar todos os gestores",""
"passed","Tue Oct 08 17:04:35 GMT 2024","Tue Oct 08 17:04:53 GMT 2024","18018","","Endpoint de busca de candidato por Email","","br.com.dbccompany.vemser.tests.candidato.BuscarCandidatoPorEmailTest","testValidarContratoBuscarCandidatoPorEmail","Cenário 2: Deve validar o contrato de busca de candidatos por email no sistema",""
"passed","Tue Oct 08 16:58:12 GMT 2024","Tue Oct 08 17:03:35 GMT 2024","323012","","Endpoint de healthcheck","","br.com.dbccompany.vemser.tests.healthcheck.HealthcheckTest","testValidarHealthcheck","Cenário 1: Healthcheck API",""
"passed","Tue Oct 08 17:10:28 GMT 2024","Tue Oct 08 17:10:38 GMT 2024","10736","","Endpoint de cadastro de candidato","","br.com.dbccompany.vemser.tests.candidato.CadastrarCandidatoTest","testCadastrarCandidatoComPcdEmBranco","Cenário 29: Deve retornar 400 quando tenta cadastrar candidato com pcd em branco",""
"passed","Tue Oct 08 17:09:26 GMT 2024","Tue Oct 08 17:09:41 GMT 2024","15307","","Endpoint de delete fisico de candidato","","br.com.dbccompany.vemser.tests.candidato.DeleteFisiscoCandidatoTest","testDeleteFisicoDeCandidatoSemAutenticacao","Cenário 2: Deve retornar 403 ao deletar candidato sem autenticação",""
"passed","Tue Oct 08 17:11:00 GMT 2024","Tue Oct 08 17:11:10 GMT 2024","10428","","Endpoint de atualização de configuração do PC do candidato","","br.com.dbccompany.vemser.tests.formulario.AtualizarConfigPcFormularioTest","testEnviarInfoConfigPcParaFormularioNaoExistente","Cenário 2: Deve retornar 404 ao adicionar imagem com configuração do pc em formulário não existente",""
"passed","Tue Oct 08 17:06:09 GMT 2024","Tue Oct 08 17:06:13 GMT 2024","4414","","Endpoint que lista todas as edições","","br.com.dbccompany.vemser.tests.edicao.ListarTodasEdicoesTest","testListarTodasEdicoesSemAutenticacao","Cenário 3: Deve retornar 403 ao listar todas as edições sem autenticação",""
"passed","Tue Oct 08 17:04:12 GMT 2024","Tue Oct 08 17:05:26 GMT 2024","74306","","Endpoint de listagem de entrevistas","","br.com.dbccompany.vemser.tests.entrevista.ListarEntrevistaTest","testValidarContratoListarEntrevistas","Cenário 1: Validação de contrato de listar entrevistas",""
"broken","Tue Oct 08 17:13:01 GMT 2024","Tue Oct 08 17:13:08 GMT 2024","6319","","Endpoint de cadastro de candidato","","br.com.dbccompany.vemser.tests.candidato.CadastrarCandidatoTest","testCadastrarCandidatoComTelefoneEmBranco","Cenário 16: Deve retornar 400 quando tenta cadastrar candidato com telefone em branco",""
"passed","Tue Oct 08 17:04:39 GMT 2024","Tue Oct 08 17:04:44 GMT 2024","4820","","Endpoint de listagem de avaliação","","br.com.dbccompany.vemser.tests.avaliacao.ListarAvaliacaoTest","testValidarContratoListarTodaAvaliacao","Cenário 3: Validar contrato listar toda avaliação",""
"passed","Tue Oct 08 17:07:19 GMT 2024","Tue Oct 08 17:07:37 GMT 2024","18150","","Endpoint de atualização de avaliação","","br.com.dbccompany.vemser.tests.avaliacao.AtualizarAvaliacaoTest","testDeveAtualizarAvaliacaoComSucesso","Cenário 1: Deve atualizar avaliação com sucesso",""
"passed","Tue Oct 08 17:04:57 GMT 2024","Tue Oct 08 17:05:01 GMT 2024","3397","","Endpoint para emissão de relatório de edições","","br.com.dbccompany.vemser.tests.relatorio.RelatorioEdicaoTest","testValidarContratoListarRelatoriosPorEdicao","Cenário 1: Validação de contrato de listar relatórios por edição",""
"passed","Tue Oct 08 17:05:01 GMT 2024","Tue Oct 08 17:05:05 GMT 2024","3750","","Endpoint para emissão de relatório de neurodiversidade","","br.com.dbccompany.vemser.tests.relatorio.RelatorioNeurodiversidadeTest","testValidarContratoListarRelatoriosPorNeurodiversidade","Cenário 1: Validação de contrato de listar relatórios por neurodiversidade",""
"passed","Tue Oct 08 17:09:29 GMT 2024","Tue Oct 08 17:09:47 GMT 2024","18936","","Endpoint de atualização de candidato","","br.com.dbccompany.vemser.tests.candidato.AtualizarCandidatoTest","testAtualizarCandidatoComSucesso","Cenário 1: Deve retornar 200 ao atualizar candidato com sucesso",""
"passed","Tue Oct 08 17:11:59 GMT 2024","Tue Oct 08 17:12:08 GMT 2024","8773","","Endpoint de listagem de formulários","","br.com.dbccompany.vemser.tests.formulario.ListarFormulariosTest","testTentarBuscarConfigPCSemConfigCadastrada","Cenário 7: Buscar Print configuração PC sem configuração cadastrada",""
"passed","Tue Oct 08 17:12:30 GMT 2024","Tue Oct 08 17:12:40 GMT 2024","10037","","Endpoint de cadastro de candidato","","br.com.dbccompany.vemser.tests.candidato.CadastrarCandidatoTest","testCadastrarCandidatoComAtivoNulo","Cenário 30: Deve retornar 400 quando tenta cadastrar candidato com ativo nulo",""
"passed","Tue Oct 08 17:10:00 GMT 2024","Tue Oct 08 17:10:29 GMT 2024","28758","","Endpoint de listagem de candidatos","","br.com.dbccompany.vemser.tests.candidato.ListarCandidatosTest","testListarTodosOsCandidatos","Cenário 1: Deve retornar 200 e lista contendo 20 elementos com sucesso",""
"failed","Tue Oct 08 17:06:16 GMT 2024","Tue Oct 08 17:06:40 GMT 2024","24167","","Endpoint de cadastro de candidato","","br.com.dbccompany.vemser.tests.candidato.CadastrarCandidatoTest","testCadastrarCandidatoComCpfEmBranco","Cenário 21: Deve retornar 400 quando tenta cadastrar candidato com cpf em branco",""
"failed","Tue Oct 08 17:08:13 GMT 2024","Tue Oct 08 17:08:13 GMT 2024","0","","Endpoint de atualização de avaliação","","br.com.dbccompany.vemser.tests.avaliacao.AtualizarAvaliacaoTest","","Endpoint de atualização de avaliação",""
"passed","Tue Oct 08 17:10:29 GMT 2024","Tue Oct 08 17:10:30 GMT 2024","1528","","Endpoint de listagem de candidatos","","br.com.dbccompany.vemser.tests.candidato.ListarCandidatosTest","testListarCandidatosComTamanhoString","Cenário 5: Deve retornar 400 quando é passado quantidade de candidatos como string",""
"passed","Tue Oct 08 17:06:26 GMT 2024","Tue Oct 08 17:07:41 GMT 2024","75213","","Endpoint de atualizar observação de entrevista por ID","","br.com.dbccompany.vemser.tests.entrevista.AtualizarObservacaoEntrevistaPorIdTest","testAtualizarObservacaoEntrevistaPorIDSemAutenticacao","Cenário 2: Deve retornar 403 ao tentar atualizar entrevista por id sem estar autenticado",""
"passed","Tue Oct 08 17:09:23 GMT 2024","Tue Oct 08 17:09:23 GMT 2024","139","","Endpoint de atualizar status usuário","","br.com.dbccompany.vemser.tests.usuario.AtualizarStatusUsuarioTest","testTentarAtualizarStatusDesativoGestorSemToken","Cenário 4: Tentar atualizar status para desativo do gestor sem token",""
"passed","Tue Oct 08 17:05:26 GMT 2024","Tue Oct 08 17:05:34 GMT 2024","7090","","Endpoint de listagem de formulários","","br.com.dbccompany.vemser.tests.formulario.ListarFormulariosTest","testValidarContratoListarFormularios","Cenário 1: Validar contrato listar formulários",""
"passed","Tue Oct 08 17:11:43 GMT 2024","Tue Oct 08 17:12:20 GMT 2024","36528","","Endpoint de cadastrar status candidato previus","","br.com.dbccompany.vemser.tests.status.CadastrarStatusCandidatoPreviusTest","testRetrocederEtapaPreProva","Cenário 4: Validar retroceder da prova técnica para pré-prova",""
"passed","Tue Oct 08 17:12:38 GMT 2024","Tue Oct 08 17:12:49 GMT 2024","11338","","Endpoint de cadastro de candidato","","br.com.dbccompany.vemser.tests.candidato.CadastrarCandidatoTest","testCadastrarCandidatoComListaNulaDeLinguagem","Cenário 32: Deve retornar 400 quando tenta cadastrar candidato com lista nula de linguagem",""
"passed","Tue Oct 08 17:07:01 GMT 2024","Tue Oct 08 17:07:32 GMT 2024","31049","","Endpoint de cadastro de avaliação","","br.com.dbccompany.vemser.tests.avaliacao.CadastrarAvaliacaoTest","testCadastrarAvaliacaoComSucesso","Cenário 1: Deve cadastrar avaliação com sucesso",""
"passed","Tue Oct 08 17:09:21 GMT 2024","Tue Oct 08 17:09:33 GMT 2024","12201","","Endpoint de busca de candidato por Email","","br.com.dbccompany.vemser.tests.candidato.BuscarCandidatoPorEmailTest","testBuscarCandidatoPorEmailInvalido","Cenário 4: Deve retornar 400 quando busca candidato com email inválido",""
"passed","Tue Oct 08 17:09:41 GMT 2024","Tue Oct 08 17:09:57 GMT 2024","16244","","Endpoint de delete fisico de candidato","","br.com.dbccompany.vemser.tests.candidato.DeleteFisiscoCandidatoTest","testDeletarFisicoDeCandidatoComIDInvalido","Cenário 3: Deve retornar 400 ao deletar candidato com id invalido",""
"passed","Tue Oct 08 17:08:34 GMT 2024","Tue Oct 08 17:08:36 GMT 2024","2038","","Endpoint de cadastro de avaliação","","br.com.dbccompany.vemser.tests.avaliacao.CadastrarAvaliacaoTest","testTentarCadastrarAvaliacaoComIdInscricaoNegativo","Cenário 3: Tentar cadastrar avaliação com id de inscrição negativo",""
"passed","Tue Oct 08 17:09:08 GMT 2024","Tue Oct 08 17:09:17 GMT 2024","9066","","Endpoint de cadastrar disponibilidade","","br.com.dbccompany.vemser.tests.disponibilidade.CadastrarDisponibilidadeTest","testTentarCriarDisponibilidadeParaHorarioJaAgendado","Cenário 5: Tentar criar disponibilidade para data e horário já marcado",""
"passed","Tue Oct 08 17:09:19 GMT 2024","Tue Oct 08 17:09:20 GMT 2024","157","","Endpoint de listar usuário","","br.com.dbccompany.vemser.tests.usuario.ListarUsuarioTest","testTentarListarContaInativaComTokenInvalido","Cenário 9: Tentar listar contas inativas com token inválido",""
"passed","Tue Oct 08 17:12:40 GMT 2024","Tue Oct 08 17:12:52 GMT 2024","11964","","Endpoint de cadastro de candidato","","br.com.dbccompany.vemser.tests.candidato.CadastrarCandidatoTest","testCadastrarCandidatoComCpfNulo","Cenário 20: Deve retornar 400 quando tenta cadastrar candidato com cpf nulo",""
"passed","Tue Oct 08 17:04:30 GMT 2024","Tue Oct 08 17:04:32 GMT 2024","2289","","Endpoint de listar usuário","","br.com.dbccompany.vemser.tests.usuario.ListarUsuarioTest","testValidarSchemaListarGestorPorId","Cenário 11: Validar schema listar gestor por id",""
"passed","Tue Oct 08 17:05:24 GMT 2024","Tue Oct 08 17:05:34 GMT 2024","9479","","Endpoint de atualização do formulário","","br.com.dbccompany.vemser.tests.formulario.AtualizarFormularioTest","testValidarContratoAtualizarFormulario","Validação de contrato ao atualizar formulário",""
"passed","Tue Oct 08 17:05:21 GMT 2024","Tue Oct 08 17:05:24 GMT 2024","2589","","Endpoint de cadastro de formulário","","br.com.dbccompany.vemser.tests.formulario.CadastrarFormularioTest","testValidarContratoCriacaoFormulario","Cenário 1: Validação de contrato de criar formulario",""
"passed","Tue Oct 08 17:08:56 GMT 2024","Tue Oct 08 17:08:59 GMT 2024","3118","","Endpoint de cadastrar disponibilidade","","br.com.dbccompany.vemser.tests.disponibilidade.CadastrarDisponibilidadeTest","testTentarCriarDisponibilidadeComIdGestorNaoExistente","Cenário 3: Tentar criar disponibilidade com Id de gestor não existente",""
"passed","Tue Oct 08 17:06:11 GMT 2024","Tue Oct 08 17:06:21 GMT 2024","9626","","Endpoint de remoção de edição","","br.com.dbccompany.vemser.tests.edicao.DeletarEdicaoTest","testDeletarEdicaoSemAutenticacao","Cenário 2: Deve retornar 403 ao deletar edição sem autenticação",""
"passed","Tue Oct 08 17:05:09 GMT 2024","Tue Oct 08 17:05:12 GMT 2024","3600","","Endpoint para emissão de relatório de gênero","","br.com.dbccompany.vemser.tests.relatorio.RelatorioGeneroTest","testValidarContratoListarRelatoriosPorGenero","Cenário 1: Validação de contrato de listar relatórios por genero",""
"passed","Tue Oct 08 17:12:20 GMT 2024","Tue Oct 08 17:12:30 GMT 2024","9318","","Endpoint de cadastro de candidato","","br.com.dbccompany.vemser.tests.candidato.CadastrarCandidatoTest","testCadastrarCandidatoComAtivoEmBranco","Cenário 31: Deve retornar 400 quando tenta cadastrar candidato com ativo em branco",""
"passed","Tue Oct 08 17:09:21 GMT 2024","Tue Oct 08 17:09:23 GMT 2024","1890","","Endpoint de atualizar status usuário","","br.com.dbccompany.vemser.tests.usuario.AtualizarStatusUsuarioTest","testTentarAtualizarStatusDesativoGestorPorIdNulo","Cenário 2: Tentar atualizar status para desativo do gestor com id nulo",""
"passed","Tue Oct 08 17:06:21 GMT 2024","Tue Oct 08 17:06:26 GMT 2024","4986","","Endpoint de atualizar observação de entrevista por ID","","br.com.dbccompany.vemser.tests.entrevista.AtualizarObservacaoEntrevistaPorIdTest","testAtualizarObservacaoEntrevistaComIdEntrevistaInexistente","Cenário 3: Deve retornar 400 ao tentar atualizar entrevista com id inexistente",""
"passed","Tue Oct 08 17:08:58 GMT 2024","Tue Oct 08 17:08:59 GMT 2024","1558","","Endpoint de listar trilhas","","br.com.dbccompany.vemser.tests.trilha.ListarTrilhaTest","testListarTrilhasComSucesso","Cenário 2: Deve retornar 200 quando lista as trilhas com sucesso",""
"passed","Tue Oct 08 17:11:14 GMT 2024","Tue Oct 08 17:11:55 GMT 2024","40551","","Endpoint de cadastrar status candidato next","","br.com.dbccompany.vemser.tests.status.CadastrarStatusCandidatoNextTest","testAvancarEtapaPreProva","Cenário 4: Validar avanço de etapa do candidato para pré-prova",""
"passed","Tue Oct 08 17:06:28 GMT 2024","Tue Oct 08 17:07:42 GMT 2024","73838","","Endpoint de listagem de entrevistas por email","","br.com.dbccompany.vemser.tests.entrevista.ListarEntrevistaPorEmailTest","testListaEntrevistaPorEmailSemAutenticacao","Cenário 3: Deve retornar 403 ao buscar entrevista por email do candidato sem autenticação",""
"passed","Tue Oct 08 17:06:05 GMT 2024","Tue Oct 08 17:06:11 GMT 2024","5648","","Endpoint de atualização de nota de corte","","br.com.dbccompany.vemser.tests.edicao.AtualizarNotaDeCorteTest","testAtualizarNotaDeCorteNegativa","Cenário 5: Deve retornar 400 ao tentar atualizar nota de corte com valor negativo",""
"passed","Tue Oct 08 17:12:28 GMT 2024","Tue Oct 08 17:12:39 GMT 2024","10614","","Endpoint de cadastro de candidato","","br.com.dbccompany.vemser.tests.candidato.CadastrarCandidatoTest","testCadastrarCandidatoComEstadoEmBranco","Cenário 25: Deve retornar 400 quando tenta cadastrar candidato com estado em branco",""
"passed","Tue Oct 08 17:06:05 GMT 2024","Tue Oct 08 17:06:11 GMT 2024","5917","","Endpoint de atualização de nota de corte","","br.com.dbccompany.vemser.tests.edicao.AtualizarNotaDeCorteTest","testAtualizarNotaDeCorteInvalida","Cenário 4: Deve retornar 400 ao atualizar nota de corte com valor inválido",""
"passed","Tue Oct 08 17:08:59 GMT 2024","Tue Oct 08 17:09:21 GMT 2024","22140","","Endpoint de remoção de inscrição","","br.com.dbccompany.vemser.tests.inscricao.DeletarInscricaoTest","testDeletarInscricaoComSucesso","Cenário 1: Deve retornar 204 ao deletar inscrição com sucesso",""
"passed","Tue Oct 08 17:06:44 GMT 2024","Tue Oct 08 17:07:59 GMT 2024","75103","","Endpoint de listagem de entrevistas","","br.com.dbccompany.vemser.tests.entrevista.ListarEntrevistaTest","testListarEntrevistasCadastradasComSucesso","Cenário 2: Deve retornar 200 quando lista as entrevistas cadastradas com sucesso",""
"passed","Tue Oct 08 17:05:58 GMT 2024","Tue Oct 08 17:06:09 GMT 2024","11162","","Endpoint de deletar disponibilidade","","br.com.dbccompany.vemser.tests.disponibilidade.DeletarDisponibilidadeTest","testTentarDeletarDisponibilidadeSemToken","Cenário 2: Tentar deletar disponibilidade sem token",""
"passed","Tue Oct 08 17:10:21 GMT 2024","Tue Oct 08 17:10:24 GMT 2024","2956","","Endpoint para emissão de relatório de neurodiversidade","","br.com.dbccompany.vemser.tests.relatorio.RelatorioNeurodiversidadeTest","testListarRelatorioNeurodiversidadeSemAutenticacao","Cenário 3: Deve retornar 403 ao retornar relatório com quantidade de candidatos com neurodiversidade sem autenticação",""
"passed","Tue Oct 08 17:04:21 GMT 2024","Tue Oct 08 17:04:32 GMT 2024","11218","","Endpoint de listar disponibilidades","","br.com.dbccompany.vemser.tests.disponibilidade.ListarDisponibilidadesTest","testValidarContratoListarDisponibilidade","Cenário 1: Validar contrato listar disponibilidade com sucesso",""
"passed","Tue Oct 08 17:10:38 GMT 2024","Tue Oct 08 17:10:46 GMT 2024","7988","","Endpoint de remoção de formulário","","br.com.dbccompany.vemser.tests.formulario.DeletarFormularioTest","testDeletarFormularioComSucesso","Cenário 1: Deve retornar 204 ao deletar um formulário com sucesso",""
"passed","Tue Oct 08 17:04:12 GMT 2024","Tue Oct 08 17:04:22 GMT 2024","10166","","Endpoint de cadastrar disponibilidade","","br.com.dbccompany.vemser.tests.disponibilidade.CadastrarDisponibilidadeTest","testValidarContratoCriarDisponibilidade","Cenário 1: Validar contrato criar disponibilidade com sucesso",""
"passed","Tue Oct 08 17:04:22 GMT 2024","Tue Oct 08 17:04:26 GMT 2024","3123","","Endpoint de listar usuário","","br.com.dbccompany.vemser.tests.usuario.ListarUsuarioTest","testValidarSchemaListarTodoGestorInativo","Cenário 12: Validar schema listar todo gestor inativo",""
"passed","Tue Oct 08 17:11:00 GMT 2024","Tue Oct 08 17:11:37 GMT 2024","37144","","Endpoint de listagem de inscrição por id","","br.com.dbccompany.vemser.tests.inscricao.ListarInscricaoPorIdTest","testListarInscricaoPorIdSemAutenticacao","Cenário 2: Deve retornar 403 quando lista inscrição por id sem autenticação",""
"passed","Tue Oct 08 17:11:49 GMT 2024","Tue Oct 08 17:11:59 GMT 2024","9773","","Endpoint de listagem de formulários","","br.com.dbccompany.vemser.tests.formulario.ListarFormulariosTest","testTentarBuscarComprovacaoMatriculaSemDocumentoCadastrado","Cenário 5: Buscar Comprovação de matricula sem documento cadastrado",""
"passed","Tue Oct 08 17:04:10 GMT 2024","Tue Oct 08 17:04:12 GMT 2024","2199","","Endpoint de listagem de entrevistas por mês","","br.com.dbccompany.vemser.tests.entrevista.ListarEntrevistaPorMesTest","testValidarContratoListarEntrevistasPorMes","Cenário 1: Validação de contrato de listar entrevistas por mês",""
"passed","Tue Oct 08 17:11:08 GMT 2024","Tue Oct 08 17:11:32 GMT 2024","23563","","Endpoint de listagem de formulários","","br.com.dbccompany.vemser.tests.formulario.ListarFormulariosTest","testTentarBuscarCurriculoComSucessp","Cenário 8: Buscar curriculo com sucesso",""
"passed","Tue Oct 08 17:12:03 GMT 2024","Tue Oct 08 17:12:09 GMT 2024","6348","","Endpoint de cadastrar status candidato next","","br.com.dbccompany.vemser.tests.status.CadastrarStatusCandidatoNextTest","testCadastrarStatusNextSemAutenticacao","Cenário 3: Validar criação de status candidato next sem estar autenticado",""
"passed","Tue Oct 08 17:10:02 GMT 2024","Tue Oct 08 17:10:18 GMT 2024","15131","","Endpoint de delete de candidato","","br.com.dbccompany.vemser.tests.candidato.DeletarCandidatoTest","testDeletarCandidatoSemAutenticacao","Cenário 2: Deve retornar 403 ao deletar candidato sem autenticação",""
"passed","Tue Oct 08 17:06:39 GMT 2024","Tue Oct 08 17:07:06 GMT 2024","27279","","Endpoint de remoção de avaliação","","br.com.dbccompany.vemser.tests.avaliacao.DeletarAvaliacaoTest","testDeveDeletarAvaliacaoComSucesso","Cenário 1: Deve deletar avaliação com sucesso",""
"failed","Tue Oct 08 17:06:11 GMT 2024","Tue Oct 08 17:06:27 GMT 2024","15819","","Endpoint de delete de candidato","","br.com.dbccompany.vemser.tests.candidato.DeletarCandidatoTest","testDeletarCandidatoComSucesso","Cenário 1: Deve retornar 204 ao deletar candidato com sucesso",""
"passed","Tue Oct 08 17:11:32 GMT 2024","Tue Oct 08 17:11:47 GMT 2024","15160","","Endpoint de listagem de formulários","","br.com.dbccompany.vemser.tests.formulario.ListarFormulariosTest","testTentarBuscarPrintConfigPcComSucesso","Cenário 6: Buscar print de configurações do PC com sucesso",""
"passed","Tue Oct 08 17:04:09 GMT 2024","Tue Oct 08 17:04:12 GMT 2024","3204","","Endpoint de listagem de entrevistas por trilha","","br.com.dbccompany.vemser.tests.entrevista.ListarEntrevistaPorTrilhaTest","testValidarContratoListarEntrevistasPorTrilha","Cenário 1: Validação de contrato de listar entrevistas por trilha",""
"passed","Tue Oct 08 17:10:24 GMT 2024","Tue Oct 08 17:10:28 GMT 2024","3538","","Endpoint para emissão de relatório de gênero","","br.com.dbccompany.vemser.tests.relatorio.RelatorioGeneroTest","testListarRelatorioGeneroComSucessoSemAutenticacao","Cenário 3: Deve retonar 403 ao listar relatório de candidatos por gênero sem autenticação",""
"passed","Tue Oct 08 17:04:00 GMT 2024","Tue Oct 08 17:04:09 GMT 2024","8858","","Endpoint de atualização de nota de corte","","br.com.dbccompany.vemser.tests.edicao.AtualizarNotaDeCorteTest","testContratoAtualizarNotaDeCorte","Cenário 1: Deve validar o contrato de atualizar nota de corte",""
"passed","Tue Oct 08 17:09:19 GMT 2024","Tue Oct 08 17:09:21 GMT 2024","1714","","Endpoint de atualizar status usuário","","br.com.dbccompany.vemser.tests.usuario.AtualizarStatusUsuarioTest","testTentarAtualizarStatusDesativoGestorPorIdNegativo","Cenário 3: Tentar atualizar status para desativo do gestor com id negativo",""
"broken","Tue Oct 08 17:12:51 GMT 2024","Tue Oct 08 17:13:24 GMT 2024","33527","","Endpoint de cadastro de candidato","","br.com.dbccompany.vemser.tests.candidato.CadastrarCandidatoTest","testCadastrarCandidatoComEmailJaCadastrado","Cenário 13: Deve retornar 400 quando tenta cadastrar candidato com e-mail já cadastrado na mesma edição",""
"passed","Tue Oct 08 17:05:12 GMT 2024","Tue Oct 08 17:05:19 GMT 2024","6506","","Endpoint para emissão de relatório de PCD","","br.com.dbccompany.vemser.tests.relatorio.RelatorioPcdTest","testValidarContratoListarRelatoriosPorPcd","Cenário 1: Validação de contrato de listar relatórios por pcd",""
"passed","Tue Oct 08 17:12:16 GMT 2024","Tue Oct 08 17:12:27 GMT 2024","11115","","Endpoint de cadastro de candidato","","br.com.dbccompany.vemser.tests.candidato.CadastrarCandidatoTest","testCadastrarCandidatoComDataDeNascimentoInvalida","Cenário 9: Deve retornar 400 quando tenta cadastrar candidato com data de nascimento inválida",""
"passed","Tue Oct 08 17:10:16 GMT 2024","Tue Oct 08 17:10:20 GMT 2024","3558","","Endpoint para emissão de relatório de edições","","br.com.dbccompany.vemser.tests.relatorio.RelatorioEdicaoTest","testListarRelatorioEdicaoComSucessoSemAutenticacao","Cenário 3: Deve retornar 403 ao listar relatório de candidato por edição sem autenticação",""
"passed","Tue Oct 08 17:10:07 GMT 2024","Tue Oct 08 17:10:17 GMT 2024","9854","","Endpoint de cadastro de candidato","","br.com.dbccompany.vemser.tests.candidato.CadastrarCandidatoTest","testCadastrarCandidatoComPcdNulo","Cenário 28: Deve retornar 400 quando tenta cadastrar candidato com pcd nulo",""
"passed","Tue Oct 08 17:06:25 GMT 2024","Tue Oct 08 17:06:31 GMT 2024","5101","","Endpoint de listagem de entrevistas por trilha","","br.com.dbccompany.vemser.tests.entrevista.ListarEntrevistaPorTrilhaTest","testListarEntrevistasPorTrilhaComSucesso","Cenário 2: Deve retornar 200 quando lista entrevistas de trilhas existentes",""
"passed","Tue Oct 08 17:10:32 GMT 2024","Tue Oct 08 17:10:36 GMT 2024","4433","","Endpoint para emissão de relatório de PCD","","br.com.dbccompany.vemser.tests.relatorio.RelatorioPcdTest","testListarRelatorioPcdComSucesso","Cenário 2: Deve retornar 200 ao listar relatório de candidatos pcd com sucesso",""
"passed","Tue Oct 08 17:09:40 GMT 2024","Tue Oct 08 17:09:44 GMT 2024","3421","","Endpoint de filtro de inscrição","","br.com.dbccompany.vemser.tests.inscricao.FiltroInscricaoTest","testDeveFiltrarInscricaoComSucesso","Cenário 1: Deve filtrar inscrição com sucesso",""
"passed","Tue Oct 08 17:10:30 GMT 2024","Tue Oct 08 17:10:47 GMT 2024","16484","","Endpoint de listagem de candidatos","","br.com.dbccompany.vemser.tests.candidato.ListarCandidatosTest","testListarDezCandidatos","Cenário 3: Deve retornar 200 e body deve conter 10 candidatos",""
"passed","Tue Oct 08 17:06:35 GMT 2024","Tue Oct 08 17:07:52 GMT 2024","76481","","Endpoint de marcação de entrevista","","br.com.dbccompany.vemser.tests.entrevista.CadastrarEntrevistaTest","testCadastrarEntrevistaSemAutenticacao","Cenário 1: Deve retornar 403 ao cadastrar entrevista sem autenticação",""
"passed","Tue Oct 08 17:06:19 GMT 2024","Tue Oct 08 17:06:35 GMT 2024","16124","","Endpoint de listar entrevistas do gestor","","br.com.dbccompany.vemser.tests.entrevista.ListarEntrevistasGestorTest","testListarEntrevistasGestorComSucesso","Cenário 2: Deve retorna 200 quando a lista de entrevistas do gestor aparecer com sucesso",""
"failed","Tue Oct 08 17:09:56 GMT 2024","Tue Oct 08 17:10:09 GMT 2024","12397","","Endpoint de cadastro de inscrição","","br.com.dbccompany.vemser.tests.inscricao.CadastrarInscricaoTest","testCadastrarInscricaoSemAutenticacao","Cenário 2: Deve retornar 200 ao cadastrar inscrição sem autenticação",""
